{"accuracy01_epoch/train": 1.0, "_timestamp": 1657211884, "_runtime": 82, "accuracy01/std_epoch/train": 0.0, "auc/_micro_epoch/train": 1.0, "auc_epoch/train": 1.0, "auc/_macro_epoch/train": 1.0, "auc/_weighted_epoch/train": 1.0, "loss_epoch/train": 0.052274672356084684, "accuracy01_epoch/valid": 0.781818151473999, "accuracy01/std_epoch/valid": 0.0, "auc/_micro_epoch/valid": 0.8604591368227732, "auc_epoch/valid": 0.7137404680252075, "auc/_macro_epoch/valid": 0.7137404680252075, "auc/_weighted_epoch/valid": 0.7136085033416748, "loss_epoch/valid": 0.8872210383415222, "_step": 25, "_wandb": {"runtime": 77}}