{"accuracy01_epoch/train": 1.0, "_timestamp": 1657212309, "_runtime": 77, "accuracy01/std_epoch/train": 0.0, "auc/_micro_epoch/train": 1.0, "auc_epoch/train": 1.0, "auc/_macro_epoch/train": 1.0, "auc/_weighted_epoch/train": 1.0, "loss_epoch/train": 0.05661550333142763, "accuracy01_epoch/valid": 0.7454545497894287, "accuracy01/std_epoch/valid": 0.0, "auc/_micro_epoch/valid": 0.8415794306703398, "auc_epoch/valid": 0.6899999976158142, "auc/_macro_epoch/valid": 0.6899999976158142, "auc/_weighted_epoch/valid": 0.690316379070282, "loss_epoch/valid": 0.9694996476173401, "_step": 24, "_wandb": {"runtime": 72}}