{"accuracy01_epoch/train": 1.0, "_timestamp": 1657211964, "_runtime": 73, "accuracy01/std_epoch/train": 0.0, "auc/_micro_epoch/train": 1.0, "auc_epoch/train": 1.0, "auc/_macro_epoch/train": 1.0, "auc/_weighted_epoch/train": 1.0, "loss_epoch/train": 0.062105279747653105, "accuracy01_epoch/valid": 0.7999999523162842, "accuracy01/std_epoch/valid": 0.0, "auc/_micro_epoch/valid": 0.8439669421487603, "auc_epoch/valid": 0.699999988079071, "auc/_macro_epoch/valid": 0.699999988079071, "auc/_weighted_epoch/valid": 0.6992408037185669, "loss_epoch/valid": 0.9384446740150452, "_step": 22, "_wandb": {"runtime": 68}}