{"accuracy01_epoch/train": 1.0, "_timestamp": 1657213429, "_runtime": 81, "accuracy01/std_epoch/train": 0.0, "auc/_micro_epoch/train": 1.0, "auc_epoch/train": 1.0, "auc/_macro_epoch/train": 1.0, "auc/_weighted_epoch/train": 1.0, "loss_epoch/train": 0.042680821950860356, "accuracy01_epoch/valid": 0.7696969509124756, "accuracy01/std_epoch/valid": 0.0, "auc/_micro_epoch/valid": 0.8285766758494031, "auc_epoch/valid": 0.6250549554824829, "auc/_macro_epoch/valid": 0.6250549554824829, "auc/_weighted_epoch/valid": 0.6253080368041992, "loss_epoch/valid": 1.1351008415222168, "_step": 25, "_wandb": {"runtime": 76}}