{"accuracy01_epoch/train": 1.0, "_timestamp": 1657213603, "_runtime": 78, "accuracy01/std_epoch/train": 0.0, "auc/_micro_epoch/train": 1.0, "auc_epoch/train": 1.0, "auc/_macro_epoch/train": 1.0, "auc/_weighted_epoch/train": 1.0, "loss_epoch/train": 0.056478063481660026, "accuracy01_epoch/valid": 0.7575757503509521, "accuracy01/std_epoch/valid": 0.0, "auc/_micro_epoch/valid": 0.8349678604224059, "auc_epoch/valid": 0.671648383140564, "auc/_macro_epoch/valid": 0.671648383140564, "auc/_weighted_epoch/valid": 0.6717749238014221, "loss_epoch/valid": 0.9510348439216614, "_step": 24, "_wandb": {"runtime": 74}}