{"accuracy01_epoch/train": 1.0, "_timestamp": 1657212920, "_runtime": 84, "accuracy01/std_epoch/train": 0.0, "auc/_micro_epoch/train": 1.0, "auc_epoch/train": 1.0, "auc/_macro_epoch/train": 1.0, "auc/_weighted_epoch/train": 1.0, "loss_epoch/train": 0.043671235592983026, "accuracy01_epoch/valid": 0.7757575511932373, "accuracy01/std_epoch/valid": 0.0, "auc/_micro_epoch/valid": 0.8527456382001837, "auc_epoch/valid": 0.6972527503967285, "auc/_macro_epoch/valid": 0.6972527503967285, "auc/_weighted_epoch/valid": 0.6974425911903381, "loss_epoch/valid": 0.8965216875076294, "_step": 26, "_wandb": {"runtime": 79}}