{"accuracy01_epoch/train": 1.0, "_timestamp": 1657213090, "_runtime": 75, "accuracy01/std_epoch/train": 0.0, "auc/_micro_epoch/train": 1.0, "auc_epoch/train": 1.0, "auc/_macro_epoch/train": 1.0, "auc/_weighted_epoch/train": 1.0, "loss_epoch/train": 0.05543127829427662, "accuracy01_epoch/valid": 0.7696969509124756, "accuracy01/std_epoch/valid": 0.0, "auc/_micro_epoch/valid": 0.8386409550045913, "auc_epoch/valid": 0.6572527885437012, "auc/_macro_epoch/valid": 0.6572527885437012, "auc/_weighted_epoch/valid": 0.6568098664283752, "loss_epoch/valid": 0.9984005689620972, "_step": 23, "_wandb": {"runtime": 70}}