{"accuracy01_epoch/train": 1.0, "_timestamp": 1657211073, "_runtime": 79, "accuracy01/std_epoch/train": 0.0, "auc/_micro_epoch/train": 1.0, "auc_epoch/train": 1.0, "auc/_macro_epoch/train": 1.0, "auc/_weighted_epoch/train": 1.0, "loss_epoch/train": 0.052562769509957724, "accuracy01_epoch/valid": 0.7878787517547607, "accuracy01/std_epoch/valid": 0.0, "auc/_micro_epoch/valid": 0.8330945821854913, "auc_epoch/valid": 0.6535698175430298, "auc/_macro_epoch/valid": 0.6535698175430298, "auc/_weighted_epoch/valid": 0.6534378528594971, "loss_epoch/valid": 1.0772796869277954, "_step": 24, "_wandb": {"runtime": 74}}