{"accuracy01_epoch/train": 1.0, "_timestamp": 1657211417, "_runtime": 79, "accuracy01/std_epoch/train": 0.0, "auc/_micro_epoch/train": 1.0, "auc_epoch/train": 1.0, "auc/_macro_epoch/train": 1.0, "auc/_weighted_epoch/train": 1.0, "loss_epoch/train": 0.03832686950148482, "accuracy01_epoch/valid": 0.781818151473999, "accuracy01/std_epoch/valid": 0.0, "auc/_micro_epoch/valid": 0.8615977961432507, "auc_epoch/valid": 0.7067804336547852, "auc/_macro_epoch/valid": 0.7067804336547852, "auc/_weighted_epoch/valid": 0.7069124579429626, "loss_epoch/valid": 0.9871988296508789, "_step": 25, "_wandb": {"runtime": 74}}