{"accuracy01_epoch/train": 1.0, "_timestamp": 1657212054, "_runtime": 84, "accuracy01/std_epoch/train": 0.0, "auc/_micro_epoch/train": 1.0, "auc_epoch/train": 1.0, "auc/_macro_epoch/train": 1.0, "auc/_weighted_epoch/train": 1.0, "loss_epoch/train": 0.04525857709860995, "accuracy01_epoch/valid": 0.7212120890617371, "accuracy01/std_epoch/valid": 0.0, "auc/_micro_epoch/valid": 0.8168227731864095, "auc_epoch/valid": 0.6589010953903198, "auc/_macro_epoch/valid": 0.6589010953903198, "auc/_weighted_epoch/valid": 0.6591541767120361, "loss_epoch/valid": 1.13457453250885, "_step": 25, "_wandb": {"runtime": 79}}