{"accuracy01_epoch/train": 1.0, "_timestamp": 1657210457, "_runtime": 78, "accuracy01/std_epoch/train": 0.0, "auc/_micro_epoch/train": 1.0, "auc_epoch/train": 1.0, "auc/_macro_epoch/train": 1.0, "auc/_weighted_epoch/train": 1.0, "loss_epoch/train": 0.04645340042623255, "accuracy01_epoch/valid": 0.8121212124824524, "accuracy01/std_epoch/valid": 0.0, "auc/_micro_epoch/valid": 0.8542883379247015, "auc_epoch/valid": 0.6912887096405029, "auc/_macro_epoch/valid": 0.6912887096405029, "auc/_weighted_epoch/valid": 0.6912887096405029, "loss_epoch/valid": 0.9096291065216064, "_step": 24, "_wandb": {"runtime": 73}}