{"accuracy01_epoch/train": 1.0, "_timestamp": 1657210549, "_runtime": 85, "accuracy01/std_epoch/train": 0.0, "auc/_micro_epoch/train": 1.0, "auc_epoch/train": 1.0, "auc/_macro_epoch/train": 1.0, "auc/_weighted_epoch/train": 1.0, "loss_epoch/train": 0.037625212486810666, "accuracy01_epoch/valid": 0.7696969509124756, "accuracy01/std_epoch/valid": 0.0, "auc/_micro_epoch/valid": 0.8413223140495868, "auc_epoch/valid": 0.6786035299301147, "auc/_macro_epoch/valid": 0.6786035299301147, "auc/_weighted_epoch/valid": 0.6788015365600586, "loss_epoch/valid": 0.9157270193099976, "_step": 27, "_wandb": {"runtime": 81}}