{"accuracy01_epoch/train": 1.0, "_timestamp": 1657210200, "_runtime": 76, "accuracy01/std_epoch/train": 0.0, "auc/_micro_epoch/train": 1.0, "auc_epoch/train": 1.0, "auc/_macro_epoch/train": 1.0, "auc/_weighted_epoch/train": 1.0, "loss_epoch/train": 0.0552285557903697, "accuracy01_epoch/valid": 0.8121212124824524, "accuracy01/std_epoch/valid": 0.0, "auc/_micro_epoch/valid": 0.8633241505968778, "auc_epoch/valid": 0.7306915521621704, "auc/_macro_epoch/valid": 0.7306915521621704, "auc/_weighted_epoch/valid": 0.7300975322723389, "loss_epoch/valid": 0.830547571182251, "_step": 24, "_wandb": {"runtime": 72}}