{"accuracy01_epoch/train": 1.0, "_timestamp": 1657212668, "_runtime": 87, "accuracy01/std_epoch/train": 0.0, "auc/_micro_epoch/train": 1.0, "auc_epoch/train": 1.0, "auc/_macro_epoch/train": 1.0, "auc/_weighted_epoch/train": 1.0, "loss_epoch/train": 0.05068242240712227, "accuracy01_epoch/valid": 0.781818151473999, "accuracy01/std_epoch/valid": 0.0, "auc/_micro_epoch/valid": 0.8492929292929292, "auc_epoch/valid": 0.6852747201919556, "auc/_macro_epoch/valid": 0.6852747201919556, "auc/_weighted_epoch/valid": 0.6847686171531677, "loss_epoch/valid": 1.058436632156372, "_step": 27, "_wandb": {"runtime": 82}}