{"accuracy01_epoch/train": 1.0, "_timestamp": 1657210373, "_runtime": 77, "accuracy01/std_epoch/train": 0.0, "auc/_micro_epoch/train": 1.0, "auc_epoch/train": 1.0, "auc/_macro_epoch/train": 1.0, "auc/_weighted_epoch/train": 1.0, "loss_epoch/train": 0.0659319063455894, "accuracy01_epoch/valid": 0.7696969509124756, "accuracy01/std_epoch/valid": 0.0, "auc/_micro_epoch/valid": 0.8551331496786043, "auc_epoch/valid": 0.6951055526733398, "auc/_macro_epoch/valid": 0.6951055526733398, "auc/_weighted_epoch/valid": 0.6947095394134521, "loss_epoch/valid": 0.9672994017601013, "_step": 24, "_wandb": {"runtime": 73}}