{"accuracy01_epoch/train": 1.0, "_timestamp": 1657211162, "_runtime": 83, "accuracy01/std_epoch/train": 0.0, "auc/_micro_epoch/train": 1.0, "auc_epoch/train": 1.0, "auc/_macro_epoch/train": 1.0, "auc/_weighted_epoch/train": 1.0, "loss_epoch/train": 0.03937922160445314, "accuracy01_epoch/valid": 0.7757575511932373, "accuracy01/std_epoch/valid": 0.0, "auc/_micro_epoch/valid": 0.8391184573002756, "auc_epoch/valid": 0.6578356623649597, "auc/_macro_epoch/valid": 0.6578356623649597, "auc/_weighted_epoch/valid": 0.6582316160202026, "loss_epoch/valid": 0.9876651167869568, "_step": 26, "_wandb": {"runtime": 78}}