{"accuracy01_epoch/train": 1.0, "_timestamp": 1657209341, "_runtime": 84, "accuracy01/std_epoch/train": 0.0, "auc/_micro_epoch/train": 1.0, "auc_epoch/train": 1.0, "auc/_macro_epoch/train": 1.0, "auc/_weighted_epoch/train": 1.0, "loss_epoch/train": 0.049521631313748586, "accuracy01_epoch/valid": 0.8242424130439758, "accuracy01/std_epoch/valid": 0.0, "auc/_micro_epoch/valid": 0.8869054178145087, "auc_epoch/valid": 0.7780219912528992, "auc/_macro_epoch/valid": 0.7780219912528992, "auc/_weighted_epoch/valid": 0.7775158882141113, "loss_epoch/valid": 0.7771404981613159, "_step": 26, "_wandb": {"runtime": 79}}