{"accuracy01_epoch/train": 1.0, "_timestamp": 1657209432, "_runtime": 85, "accuracy01/std_epoch/train": 0.0, "auc/_micro_epoch/train": 1.0, "auc_epoch/train": 1.0, "auc/_macro_epoch/train": 1.0, "auc/_weighted_epoch/train": 1.0, "loss_epoch/train": 0.038865352249713755, "accuracy01_epoch/valid": 0.7939393520355225, "accuracy01/std_epoch/valid": 0.0, "auc/_micro_epoch/valid": 0.8668135904499542, "auc_epoch/valid": 0.7374725341796875, "auc/_macro_epoch/valid": 0.7374725341796875, "auc/_weighted_epoch/valid": 0.7372827529907227, "loss_epoch/valid": 0.8263716101646423, "_step": 27, "_wandb": {"runtime": 80}}