{"accuracy01_epoch/train": 1.0, "_timestamp": 1657210636, "_runtime": 80, "accuracy01/std_epoch/train": 0.0, "auc/_micro_epoch/train": 1.0, "auc_epoch/train": 1.0, "auc/_macro_epoch/train": 1.0, "auc/_weighted_epoch/train": 1.0, "loss_epoch/train": 0.062012070876831464, "accuracy01_epoch/valid": 0.8121212124824524, "accuracy01/std_epoch/valid": 0.0, "auc/_micro_epoch/valid": 0.8830119375573922, "auc_epoch/valid": 0.762797474861145, "auc/_macro_epoch/valid": 0.762797474861145, "auc/_weighted_epoch/valid": 0.7633914351463318, "loss_epoch/valid": 0.7568736672401428, "_step": 25, "_wandb": {"runtime": 75}}