{"accuracy01_epoch/train": 1.0, "_timestamp": 1657212392, "_runtime": 76, "accuracy01/std_epoch/train": 0.0, "auc/_micro_epoch/train": 1.0, "auc_epoch/train": 1.0, "auc/_macro_epoch/train": 1.0, "auc/_weighted_epoch/train": 1.0, "loss_epoch/train": 0.05605519330694608, "accuracy01_epoch/valid": 0.7333332896232605, "accuracy01/std_epoch/valid": 0.0, "auc/_micro_epoch/valid": 0.8118273645546372, "auc_epoch/valid": 0.6254944801330566, "auc/_macro_epoch/valid": 0.6254944801330566, "auc/_weighted_epoch/valid": 0.6258741617202759, "loss_epoch/valid": 1.1384865045547485, "_step": 23, "_wandb": {"runtime": 71}}