{"accuracy01_epoch/train": 1.0, "_timestamp": 1657210290, "_runtime": 84, "accuracy01/std_epoch/train": 0.0, "auc/_micro_epoch/train": 1.0, "auc_epoch/train": 1.0, "auc/_macro_epoch/train": 1.0, "auc/_weighted_epoch/train": 1.0, "loss_epoch/train": 0.04585533323140463, "accuracy01_epoch/valid": 0.7757575511932373, "accuracy01/std_epoch/valid": 0.0, "auc/_micro_epoch/valid": 0.8559044995408632, "auc_epoch/valid": 0.7074539661407471, "auc/_macro_epoch/valid": 0.7074539661407471, "auc/_weighted_epoch/valid": 0.7075859308242798, "loss_epoch/valid": 0.918513834476471, "_step": 25, "_wandb": {"runtime": 79}}