{"accuracy01_epoch/train": 1.0, "_timestamp": 1657213172, "_runtime": 76, "accuracy01/std_epoch/train": 0.0, "auc/_micro_epoch/train": 1.0, "auc_epoch/train": 1.0, "auc/_macro_epoch/train": 1.0, "auc/_weighted_epoch/train": 1.0, "loss_epoch/train": 0.05258728452177665, "accuracy01_epoch/valid": 0.781818151473999, "accuracy01/std_epoch/valid": 0.0, "auc/_micro_epoch/valid": 0.844811753902663, "auc_epoch/valid": 0.6812087893486023, "auc/_macro_epoch/valid": 0.6812087893486023, "auc/_weighted_epoch/valid": 0.6813986301422119, "loss_epoch/valid": 1.0224121809005737, "_step": 23, "_wandb": {"runtime": 71}}