{"accuracy01_epoch/train": 1.0, "_timestamp": 1657210815, "_runtime": 84, "accuracy01/std_epoch/train": 0.0, "auc/_micro_epoch/train": 1.0, "auc_epoch/train": 1.0, "auc/_macro_epoch/train": 1.0, "auc/_weighted_epoch/train": 1.0, "loss_epoch/train": 0.056146657861330926, "accuracy01_epoch/valid": 0.8060605525970459, "accuracy01/std_epoch/valid": 0.0, "auc/_micro_epoch/valid": 0.8715518824609734, "auc_epoch/valid": 0.749663233757019, "auc/_macro_epoch/valid": 0.749663233757019, "auc/_weighted_epoch/valid": 0.7491353154182434, "loss_epoch/valid": 0.8053275346755981, "_step": 26, "_wandb": {"runtime": 80}}