{"accuracy01_epoch/train": 1.0, "_timestamp": 1657212483, "_runtime": 84, "accuracy01/std_epoch/train": 0.0, "auc/_micro_epoch/train": 1.0, "auc_epoch/train": 1.0, "auc/_macro_epoch/train": 1.0, "auc/_weighted_epoch/train": 1.0, "loss_epoch/train": 0.035810974113613, "accuracy01_epoch/valid": 0.7757575511932373, "accuracy01/std_epoch/valid": 0.0, "auc/_micro_epoch/valid": 0.8689807162534435, "auc_epoch/valid": 0.7459340691566467, "auc/_macro_epoch/valid": 0.7459340691566467, "auc/_weighted_epoch/valid": 0.7456809878349304, "loss_epoch/valid": 0.8774564266204834, "_step": 26, "_wandb": {"runtime": 79}}