{"accuracy01_epoch/train": 1.0, "_timestamp": 1657211711, "_runtime": 90, "accuracy01/std_epoch/train": 0.0, "auc/_micro_epoch/train": 1.0, "auc_epoch/train": 1.0, "auc/_macro_epoch/train": 1.0, "auc/_weighted_epoch/train": 1.0, "loss_epoch/train": 0.05566542580512184, "accuracy01_epoch/valid": 0.7999999523162842, "accuracy01/std_epoch/valid": 0.0, "auc/_micro_epoch/valid": 0.8676584022038568, "auc_epoch/valid": 0.7229456901550293, "auc/_macro_epoch/valid": 0.7229456901550293, "auc/_weighted_epoch/valid": 0.7226816415786743, "loss_epoch/valid": 0.8293293714523315, "_step": 28, "_wandb": {"runtime": 87}}