{"accuracy01_epoch/train": 1.0, "_timestamp": 1657211332, "_runtime": 76, "accuracy01/std_epoch/train": 0.0, "auc/_micro_epoch/train": 1.0, "auc_epoch/train": 1.0, "auc/_macro_epoch/train": 1.0, "auc/_weighted_epoch/train": 1.0, "loss_epoch/train": 0.05862679461708659, "accuracy01_epoch/valid": 0.7272726893424988, "accuracy01/std_epoch/valid": 0.0, "auc/_micro_epoch/valid": 0.8156473829201101, "auc_epoch/valid": 0.6269645094871521, "auc/_macro_epoch/valid": 0.6269645094871521, "auc/_weighted_epoch/valid": 0.626766562461853, "loss_epoch/valid": 1.0055798292160034, "_step": 23, "_wandb": {"runtime": 71}}