{"accuracy01_epoch/train": 0.7464503045014387, "_timestamp": 1658421643, "_runtime": 16, "accuracy01/std_epoch/train": 0.1779668963229535, "auc/_micro_epoch/train": 0.7690383420627117, "auc_epoch/train": 0.4428802728652954, "auc/_macro_epoch/train": 0.4428802728652954, "auc/_weighted_epoch/train": 0.43474292755126953, "loss_epoch/train": 4.068212615065352, "accuracy01_epoch/valid": 0.7878787517547607, "accuracy01/std_epoch/valid": 0.0, "auc/_micro_epoch/valid": 0.8179981634527089, "auc_epoch/valid": 0.5901098847389221, "auc/_macro_epoch/valid": 0.5901098847389221, "auc/_weighted_epoch/valid": 0.5449351072311401, "loss_epoch/valid": 3.3771116733551025, "_step": 1, "_wandb": {"runtime": 12}}