{"accuracy01_epoch/train": 1.0, "_timestamp": 1657209944, "_runtime": 75, "accuracy01/std_epoch/train": 0.0, "auc/_micro_epoch/train": 1.0, "auc_epoch/train": 1.0, "auc/_macro_epoch/train": 1.0, "auc/_weighted_epoch/train": 1.0, "loss_epoch/train": 0.05795161457048468, "accuracy01_epoch/valid": 0.781818151473999, "accuracy01/std_epoch/valid": 0.0, "auc/_micro_epoch/valid": 0.8221120293847567, "auc_epoch/valid": 0.6112087965011597, "auc/_macro_epoch/valid": 0.6112087965011597, "auc/_weighted_epoch/valid": 0.6103230714797974, "loss_epoch/valid": 1.0183093547821045, "_step": 23, "_wandb": {"runtime": 70}}