{"accuracy01_epoch/train": 1.0, "_timestamp": 1657213255, "_runtime": 76, "accuracy01/std_epoch/train": 0.0, "auc/_micro_epoch/train": 1.0, "auc_epoch/train": 1.0, "auc/_macro_epoch/train": 1.0, "auc/_weighted_epoch/train": 1.0, "loss_epoch/train": 0.05364583031489299, "accuracy01_epoch/valid": 0.7454545497894287, "accuracy01/std_epoch/valid": 0.0, "auc/_micro_epoch/valid": 0.8132598714416897, "auc_epoch/valid": 0.612197756767273, "auc/_macro_epoch/valid": 0.612197756767273, "auc/_weighted_epoch/valid": 0.6117548942565918, "loss_epoch/valid": 1.1065905094146729, "_step": 23, "_wandb": {"runtime": 72}}