{"accuracy01_epoch/train": 1.0, "_timestamp": 1657213518, "_runtime": 83, "accuracy01/std_epoch/train": 0.0, "auc/_micro_epoch/train": 1.0, "auc_epoch/train": 1.0, "auc/_macro_epoch/train": 1.0, "auc/_weighted_epoch/train": 1.0, "loss_epoch/train": 0.06690698376430675, "accuracy01_epoch/valid": 0.7575757503509521, "accuracy01/std_epoch/valid": 0.0, "auc/_micro_epoch/valid": 0.823030303030303, "auc_epoch/valid": 0.6281318664550781, "auc/_macro_epoch/valid": 0.6281318664550781, "auc/_weighted_epoch/valid": 0.6278787851333618, "loss_epoch/valid": 1.1096501350402832, "_step": 25, "_wandb": {"runtime": 77}}