{"accuracy01_epoch/train": 1.0, "_timestamp": 1657210028, "_runtime": 77, "accuracy01/std_epoch/train": 0.0, "auc/_micro_epoch/train": 1.0, "auc_epoch/train": 1.0, "auc/_macro_epoch/train": 1.0, "auc/_weighted_epoch/train": 1.0, "loss_epoch/train": 0.047179431781082075, "accuracy01_epoch/valid": 0.7878787517547607, "accuracy01/std_epoch/valid": 0.0, "auc/_micro_epoch/valid": 0.8430486685032139, "auc_epoch/valid": 0.6735165119171143, "auc/_macro_epoch/valid": 0.6735165119171143, "auc/_weighted_epoch/valid": 0.6732001304626465, "loss_epoch/valid": 1.0664467811584473, "_step": 24, "_wandb": {"runtime": 73}}