{"accuracy01_epoch/train": 1.0, "_timestamp": 1657209694, "_runtime": 81, "accuracy01/std_epoch/train": 0.0, "auc/_micro_epoch/train": 1.0, "auc_epoch/train": 1.0, "auc/_macro_epoch/train": 1.0, "auc/_weighted_epoch/train": 1.0, "loss_epoch/train": 0.04137163204244861, "accuracy01_epoch/valid": 0.8121212124824524, "accuracy01/std_epoch/valid": 0.0, "auc/_micro_epoch/valid": 0.8513498622589533, "auc_epoch/valid": 0.6960439682006836, "auc/_macro_epoch/valid": 0.6960439682006836, "auc/_weighted_epoch/valid": 0.6960440278053284, "loss_epoch/valid": 0.9082621932029724, "_step": 25, "_wandb": {"runtime": 77}}