{"accuracy01_epoch/train": 1.0, "_timestamp": 1657212749, "_runtime": 75, "accuracy01/std_epoch/train": 0.0, "auc/_micro_epoch/train": 1.0, "auc_epoch/train": 1.0, "auc/_macro_epoch/train": 1.0, "auc/_weighted_epoch/train": 1.0, "loss_epoch/train": 0.05345250462532526, "accuracy01_epoch/valid": 0.7575757503509521, "accuracy01/std_epoch/valid": 0.0, "auc/_micro_epoch/valid": 0.8421671258034893, "auc_epoch/valid": 0.6918681263923645, "auc/_macro_epoch/valid": 0.6918681263923645, "auc/_weighted_epoch/valid": 0.6916150450706482, "loss_epoch/valid": 1.1028141975402832, "_step": 23, "_wandb": {"runtime": 70}}