{"accuracy01_epoch/train": 1.0, "_timestamp": 1657212143, "_runtime": 82, "accuracy01/std_epoch/train": 0.0, "auc/_micro_epoch/train": 1.0, "auc_epoch/train": 1.0, "auc/_macro_epoch/train": 1.0, "auc/_weighted_epoch/train": 1.0, "loss_epoch/train": 0.04856591578195935, "accuracy01_epoch/valid": 0.7333332896232605, "accuracy01/std_epoch/valid": 0.0, "auc/_micro_epoch/valid": 0.8329843893480258, "auc_epoch/valid": 0.6856043934822083, "auc/_macro_epoch/valid": 0.6856043934822083, "auc/_weighted_epoch/valid": 0.6854145526885986, "loss_epoch/valid": 1.0258677005767822, "_step": 25, "_wandb": {"runtime": 77}}