{"accuracy01_epoch/train": 1.0, "_timestamp": 1657212830, "_runtime": 75, "accuracy01/std_epoch/train": 0.0, "auc/_micro_epoch/train": 1.0, "auc_epoch/train": 1.0, "auc/_macro_epoch/train": 1.0, "auc/_weighted_epoch/train": 1.0, "loss_epoch/train": 0.057459679420901695, "accuracy01_epoch/valid": 0.7454545497894287, "accuracy01/std_epoch/valid": 0.0, "auc/_micro_epoch/valid": 0.8310009182736455, "auc_epoch/valid": 0.660988986492157, "auc/_macro_epoch/valid": 0.660988986492157, "auc/_weighted_epoch/valid": 0.6607992053031921, "loss_epoch/valid": 1.030012607574463, "_step": 23, "_wandb": {"runtime": 71}}