{"accuracy01_epoch/train": 1.0, "_timestamp": 1657210724, "_runtime": 82, "accuracy01/std_epoch/train": 0.0, "auc/_micro_epoch/train": 1.0, "auc_epoch/train": 1.0, "auc/_macro_epoch/train": 1.0, "auc/_weighted_epoch/train": 1.0, "loss_epoch/train": 0.05471033028668854, "accuracy01_epoch/valid": 0.7878787517547607, "accuracy01/std_epoch/valid": 0.0, "auc/_micro_epoch/valid": 0.8584022038567494, "auc_epoch/valid": 0.7144140005111694, "auc/_macro_epoch/valid": 0.7144140005111694, "auc/_weighted_epoch/valid": 0.7148099541664124, "loss_epoch/valid": 0.898625373840332, "_step": 26, "_wandb": {"runtime": 78}}