{"accuracy01_epoch/train": 1.0, "_timestamp": 1657209777, "_runtime": 77, "accuracy01/std_epoch/train": 0.0, "auc/_micro_epoch/train": 1.0, "auc_epoch/train": 1.0, "auc/_macro_epoch/train": 1.0, "auc/_weighted_epoch/train": 1.0, "loss_epoch/train": 0.05144397433068882, "accuracy01_epoch/valid": 0.7393938899040222, "accuracy01/std_epoch/valid": 0.0, "auc/_micro_epoch/valid": 0.8244995408631772, "auc_epoch/valid": 0.6328571438789368, "auc/_macro_epoch/valid": 0.6328571438789368, "auc/_weighted_epoch/valid": 0.6324142217636108, "loss_epoch/valid": 1.0427769422531128, "_step": 24, "_wandb": {"runtime": 73}}