{"accuracy01_epoch/train": 1.0, "_timestamp": 1657213008, "_runtime": 82, "accuracy01/std_epoch/train": 0.0, "auc/_micro_epoch/train": 1.0, "auc_epoch/train": 1.0, "auc/_macro_epoch/train": 1.0, "auc/_weighted_epoch/train": 1.0, "loss_epoch/train": 0.0447164960507198, "accuracy01_epoch/valid": 0.7939393520355225, "accuracy01/std_epoch/valid": 0.0, "auc/_micro_epoch/valid": 0.8405142332415059, "auc_epoch/valid": 0.6831867694854736, "auc/_macro_epoch/valid": 0.6831867694854736, "auc/_weighted_epoch/valid": 0.6831235885620117, "loss_epoch/valid": 0.970349907875061, "_step": 26, "_wandb": {"runtime": 77}}