{"accuracy01_epoch/train": 1.0, "_timestamp": 1657210987, "_runtime": 82, "accuracy01/std_epoch/train": 0.0, "auc/_micro_epoch/train": 1.0, "auc_epoch/train": 1.0, "auc/_macro_epoch/train": 1.0, "auc/_weighted_epoch/train": 1.0, "loss_epoch/train": 0.054809483308458425, "accuracy01_epoch/valid": 0.8060605525970459, "accuracy01/std_epoch/valid": 0.0, "auc/_micro_epoch/valid": 0.8753351698806244, "auc_epoch/valid": 0.7449483871459961, "auc/_macro_epoch/valid": 0.7449483871459961, "auc/_weighted_epoch/valid": 0.7452123761177063, "loss_epoch/valid": 0.8163281083106995, "_step": 25, "_wandb": {"runtime": 77}}