{"accuracy01_epoch/train": 1.0, "_timestamp": 1657211796, "_runtime": 77, "accuracy01/std_epoch/train": 0.0, "auc/_micro_epoch/train": 1.0, "auc_epoch/train": 1.0, "auc/_macro_epoch/train": 1.0, "auc/_weighted_epoch/train": 1.0, "loss_epoch/train": 0.05005251137165704, "accuracy01_epoch/valid": 0.7939393520355225, "accuracy01/std_epoch/valid": 0.0, "auc/_micro_epoch/valid": 0.8454361799816345, "auc_epoch/valid": 0.670296311378479, "auc/_macro_epoch/valid": 0.670296311378479, "auc/_weighted_epoch/valid": 0.6703623533248901, "loss_epoch/valid": 0.9914525747299194, "_step": 24, "_wandb": {"runtime": 73}}