{"accuracy01_epoch/train": 1.0, "_timestamp": 1657212575, "_runtime": 87, "accuracy01/std_epoch/train": 0.0, "auc/_micro_epoch/train": 1.0, "auc_epoch/train": 1.0, "auc/_macro_epoch/train": 1.0, "auc/_weighted_epoch/train": 1.0, "loss_epoch/train": 0.03962137148930476, "accuracy01_epoch/valid": 0.8060605525970459, "accuracy01/std_epoch/valid": 0.0, "auc/_micro_epoch/valid": 0.8529660238751148, "auc_epoch/valid": 0.6947252750396729, "auc/_macro_epoch/valid": 0.6947252750396729, "auc/_weighted_epoch/valid": 0.6947253346443176, "loss_epoch/valid": 0.8111988306045532, "_step": 27, "_wandb": {"runtime": 82}}