{"accuracy01_epoch/train": 1.0, "_timestamp": 1657209607, "_runtime": 79, "accuracy01/std_epoch/train": 0.0, "auc/_micro_epoch/train": 1.0, "auc_epoch/train": 1.0, "auc/_macro_epoch/train": 1.0, "auc/_weighted_epoch/train": 1.0, "loss_epoch/train": 0.04768803461811848, "accuracy01_epoch/valid": 0.7939393520355225, "accuracy01/std_epoch/valid": 0.0, "auc/_micro_epoch/valid": 0.8699357208448117, "auc_epoch/valid": 0.7467032670974731, "auc/_macro_epoch/valid": 0.7467032670974731, "auc/_weighted_epoch/valid": 0.7463870048522949, "loss_epoch/valid": 0.8395996689796448, "_step": 25, "_wandb": {"runtime": 75}}