{"accuracy01_epoch/train": 1.0, "_timestamp": 1657210899, "_runtime": 78, "accuracy01/std_epoch/train": 0.0, "auc/_micro_epoch/train": 1.0, "auc_epoch/train": 1.0, "auc/_macro_epoch/train": 1.0, "auc/_weighted_epoch/train": 1.0, "loss_epoch/train": 0.05920755507284681, "accuracy01_epoch/valid": 0.7999999523162842, "accuracy01/std_epoch/valid": 0.0, "auc/_micro_epoch/valid": 0.8625528007346188, "auc_epoch/valid": 0.7096991539001465, "auc/_macro_epoch/valid": 0.7096991539001465, "auc/_weighted_epoch/valid": 0.7099630832672119, "loss_epoch/valid": 0.8856966495513916, "_step": 24, "_wandb": {"runtime": 73}}