{"accuracy01_epoch/train": 1.0, "_timestamp": 1657211249, "_runtime": 81, "accuracy01/std_epoch/train": 0.0, "auc/_micro_epoch/train": 1.0, "auc_epoch/train": 1.0, "auc/_macro_epoch/train": 1.0, "auc/_weighted_epoch/train": 1.0, "loss_epoch/train": 0.037326660377500515, "accuracy01_epoch/valid": 0.781818151473999, "accuracy01/std_epoch/valid": 0.0, "auc/_micro_epoch/valid": 0.8486317722681359, "auc_epoch/valid": 0.6922990083694458, "auc/_macro_epoch/valid": 0.6922990083694458, "auc/_weighted_epoch/valid": 0.6922330260276794, "loss_epoch/valid": 0.9437833428382874, "_step": 25, "_wandb": {"runtime": 76}}