{"accuracy01_epoch/train": 1.0, "_timestamp": 1657209863, "_runtime": 79, "accuracy01/std_epoch/train": 0.0, "auc/_micro_epoch/train": 1.0, "auc_epoch/train": 1.0, "auc/_macro_epoch/train": 1.0, "auc/_weighted_epoch/train": 1.0, "loss_epoch/train": 0.05375953255179688, "accuracy01_epoch/valid": 0.7757575511932373, "accuracy01/std_epoch/valid": 0.0, "auc/_micro_epoch/valid": 0.838494031221304, "auc_epoch/valid": 0.6682417392730713, "auc/_macro_epoch/valid": 0.6682417392730713, "auc/_weighted_epoch/valid": 0.6683050394058228, "loss_epoch/valid": 1.057327389717102, "_step": 25, "_wandb": {"runtime": 75}}