{"accuracy01_epoch/train": 1.0, "_timestamp": 1657211526, "_runtime": 102, "accuracy01/std_epoch/train": 0.0, "auc/_micro_epoch/train": 1.0, "auc_epoch/train": 1.0, "auc/_macro_epoch/train": 1.0, "auc/_weighted_epoch/train": 1.0, "loss_epoch/train": 0.0564976523178828, "accuracy01_epoch/valid": 0.7757575511932373, "accuracy01/std_epoch/valid": 0.0, "auc/_micro_epoch/valid": 0.8330211202938477, "auc_epoch/valid": 0.6273013353347778, "auc/_macro_epoch/valid": 0.6273013353347778, "auc/_weighted_epoch/valid": 0.6269053220748901, "loss_epoch/valid": 1.1160759925842285, "_step": 33, "_wandb": {"runtime": 98}}