{"accuracy01_epoch/train": 1.0, "_timestamp": 1657210117, "_runtime": 82, "accuracy01/std_epoch/train": 0.0, "auc/_micro_epoch/train": 1.0, "auc_epoch/train": 1.0, "auc/_macro_epoch/train": 1.0, "auc/_weighted_epoch/train": 1.0, "loss_epoch/train": 0.06203053675546607, "accuracy01_epoch/valid": 0.7878787517547607, "accuracy01/std_epoch/valid": 0.0, "auc/_micro_epoch/valid": 0.8366574839302112, "auc_epoch/valid": 0.6517581939697266, "auc/_macro_epoch/valid": 0.6517581939697266, "auc/_weighted_epoch/valid": 0.651821494102478, "loss_epoch/valid": 0.9640719890594482, "_step": 26, "_wandb": {"runtime": 78}}