{"accuracy01_epoch/train": 1.0, "_timestamp": 1657213342, "_runtime": 77, "accuracy01/std_epoch/train": 0.0, "auc/_micro_epoch/train": 1.0, "auc_epoch/train": 1.0, "auc/_macro_epoch/train": 1.0, "auc/_weighted_epoch/train": 1.0, "loss_epoch/train": 0.05980803820527034, "accuracy01_epoch/valid": 0.7393938899040222, "accuracy01/std_epoch/valid": 0.0, "auc/_micro_epoch/valid": 0.8213406795224978, "auc_epoch/valid": 0.6567032933235168, "auc/_macro_epoch/valid": 0.6567032933235168, "auc/_weighted_epoch/valid": 0.6567032933235168, "loss_epoch/valid": 1.0563603639602661, "_step": 23, "_wandb": {"runtime": 71}}