{"accuracy01_epoch/train": 1.0, "_timestamp": 1657211614, "_runtime": 81, "accuracy01/std_epoch/train": 0.0, "auc/_micro_epoch/train": 1.0, "auc_epoch/train": 1.0, "auc/_macro_epoch/train": 1.0, "auc/_weighted_epoch/train": 1.0, "loss_epoch/train": 0.05389998616692261, "accuracy01_epoch/valid": 0.781818151473999, "accuracy01/std_epoch/valid": 0.0, "auc/_micro_epoch/valid": 0.8398898071625345, "auc_epoch/valid": 0.6659182906150818, "auc/_macro_epoch/valid": 0.6659182906150818, "auc/_weighted_epoch/valid": 0.6660502552986145, "loss_epoch/valid": 0.984927773475647, "_step": 25, "_wandb": {"runtime": 77}}