{"accuracy01_epoch/train": 1.0, "_timestamp": 1657212226, "_runtime": 77, "accuracy01/std_epoch/train": 0.0, "auc/_micro_epoch/train": 1.0, "auc_epoch/train": 1.0, "auc/_macro_epoch/train": 1.0, "auc/_weighted_epoch/train": 1.0, "loss_epoch/train": 0.04393429548935851, "accuracy01_epoch/valid": 0.7454545497894287, "accuracy01/std_epoch/valid": 0.0, "auc/_micro_epoch/valid": 0.8319559228650137, "auc_epoch/valid": 0.6725274920463562, "auc/_macro_epoch/valid": 0.6725274920463562, "auc/_weighted_epoch/valid": 0.6725274920463562, "loss_epoch/valid": 1.1002624034881592, "_step": 24, "_wandb": {"runtime": 73}}